{"cameraMode":{"drawMode":0,"name":"Shaded","section":"Shading Mode"},"sceneLighting":true,"audioPlay":false,"sceneViewState":{"m_AlwaysRefresh":false,"showFog":true,"showSkybox":true,"showFlares":true,"showImageEffects":true,"showParticleSystems":true,"showVisualEffectGraphs":true,"m_FxEnabled":true},"in2DMode":false,"pivot":{"x":1046.091796875,"y":284.3963623046875,"z":2305.41259765625},"rotation":{"x":-0.024310236796736718,"y":-0.00026772089768201113,"z":0.000002971139792862232,"w":-0.9997435212135315},"size":1807.8599853515625,"orthographic":false}