{"cameraMode":{"drawMode":0,"name":"Shaded","section":"Shading Mode"},"sceneLighting":true,"audioPlay":false,"sceneViewState":{"m_AlwaysRefresh":false,"showFog":true,"showSkybox":true,"showFlares":true,"showImageEffects":true,"showParticleSystems":true,"showVisualEffectGraphs":true,"m_FxEnabled":true},"in2DMode":false,"pivot":{"x":-12.559389114379883,"y":0.9202089309692383,"z":67.16423034667969},"rotation":{"x":-0.07803750783205033,"y":0.06995565444231034,"z":-0.005545353516936302,"w":-0.9945085048675537},"size":55.409664154052737,"orthographic":false}